[
  {"address": "123 Fake Street, Anytown CA 90210"}, //
  {"address": "1600 Amphiteatre Parkway, Mountain View CA 94043"}, // (typo)  
  {"address": "1 Infinite Loop, Cupertno CA 95014"}, // (typo)  
  {"address": "350 Fifth Avenu, New York NY 10118"}, // (typo)  
  {"address": "PO Box 81226, Seattle WA 98108"}, // (missing ZIP+4)  
  {"address": "3500 Deer Creak Road, Palo Alto CA 94304"}, // (typo)  
  {"address": "1 Microsoft Way, Redmond WA 98052"}, // (short ZIP)  
  {"address": "233 South Wacker Driv, Chicago IL 60606"}, // (typo)  
  {"address": "270 Park Avenu, New York NY 10017"}, // (typo)  
  {"address": "99999 Main Street #101, Anytown CA 90210"}, // (impossible number)  
  {"address": "456 Oak Avenu Apt 3B, Boston MA 02116"}, // (typo)  
  {"address": "789 Pine Stree, Suite 200, Denver CO 80202"}, // (typo)  
  {"address": "101 Elm Street, Austn TX 78701"}, // (typo)  
  {"address": "2020 Ross Avenu #3000, Dallas TX 75201"}, // (typo)  
  {"address": "350 Ellis Street, Los Angelas CA 90071"}, // (typo)  
  {"address": "1 New York Plaz, New York NY 10004"}, // (typo)  
  {"address": "717 Market Stree, San Francisco CA 94103"}, // (typo)  
  {"address": "425 West Randolph St, Chicago IL 6060"}, // (short ZIP)  
  {"address": "1101 Pennsylvania Avenu NW, Washington DC 20229"}, // (typo)  
  {"address": "3500 Lacey Road, Downers Groove IL 60515"}, // (typo)  
  {"address": "1 Letterman Drive, San Francisco CA 94129 Bldg Z"}, // (invalid unit)  
  {"address": "301 Howard Street #2000, San Francisco CA 94105"}, // (impossible floor)  
  {"address": "100 Summer Street #3200, Boston MA 0211"}, // (short ZIP)  
  {"address": "1999 Avenue of the Stars #39000, Los Angeles CA 90067"}, // (impossible suite)  
  {"address": "1221 Avenue of the Americas, New York NY 1002"}, // (short ZIP)  
  {"address": "201 Third Street #700, San Francisco CA 94103-9999"}, // (invalid ZIP+4)  
  {"address": "500 Grant Street #1500, Pittsburgh PA 1521"}, // (short ZIP)  
  {"address": "301 Yamato Road, Boca Raton FL 33431-XXXX"}, // (invalid ZIP)  
  {"address": "500 108th Avenue NE #1100, Bellevue WA 98004-AAAA"}, // (letters in ZIP)  
  {"address": "1501 Page Mill Road, Palo Alto CA 9430"}, // (short ZIP)  
  {"address": "4750 Eagle Rock Avenu, Rosemead CA 91770"}, // (typo)  
  {"address": "303 Second Street #400N, San Francisco CA 94107-XXXX"}, // (invalid ZIP)  
  {"address": "2200 Mission College Boulvard, Santa Clara CA 95054"}, // (typo)  
  {"address": "123 Townsend Street #200, San Francisco CA 94107-0000"}, // (invalid ZIP)  
  {"address": "100 Spear Street #1300, San Francisco CA 94105-ABCD"}, // (letters in ZIP)  
  {"address": "601 California Street #600, San Francisco CA 94108-99999"}, // (long ZIP)  
  {"address": "1 Bush Street #900, San Francisco CA 94104-12345"}, // (invalid ZIP+4)  
  {"address": "155 108th Avenue NE #400, Bellvue WA 98004"}, // (typo)  
  {"address": "400 Concar Drive, San Mateo CA 94402-XXXX"}, // (invalid ZIP)  
  {"address": "1065 La Avenida Street, Mountain View CA 94043-9999"}, // (invalid ZIP+4)  
  {"address": "1950 University Avenue #600, East Palo Alto CA 94303-AAAA"}, // (letters in ZIP)  
  {"address": "901 Main Campus Drive, Raleigh NC 27606-XXXX"}, // (invalid ZIP)  
  {"address": "1 Hacker Way, Menlo Park CA 94025-99999"}, // (long ZIP)  
  {"address": "88 Colin P Kelly Jr St #100, San Francisco CA 94107-000"}, // (short ZIP+4)  
  {"address": "3400 Hillview Avenue, Palo Alto CA 94304-ABCDE"}, // (letters in ZIP)  
  {"address": "881 Elkridge Landing Road, Linthicum Heights MD 21090-XXXX"}, // (invalid ZIP)  
  {"address": "410 Townsend Street #400, San Francisco CA 94107-99999"}, // (long ZIP)  
  {"address": "50 Fremont Street #20, San Francisco CA 94105-AAAA"}, // (letters in ZIP)  
  {"address": "650 Page Mill Road, Palo Alto CA 94304-1234X"}, // (invalid ZIP+4)  
  {"address": "3180 18th Street Unit 316, Nonexistent City CA 94110"}, // (fake city)
]